Company,Symbol,ISIN Code
ABB India Ltd.,ABB.NS,INE117A01022
ACC Ltd.,ACC.NS,INE012A01025
Adani Ports and Special Economic Zone Ltd.,ADANIPORTS.NS,INE742F01042
Aditya Birla Capital Ltd.,ABCAPITAL.NS,INE674K01013
Ambuja Cements Ltd.,AMBUJACEM.NS,INE079A01024
Ashok Leyland Ltd.,ASHOKLEY.NS,INE208A01029
Asian Paints Ltd.,ASIANPAINT.NS,INE021A01026
Aurobindo Pharma Ltd.,AUROPHARMA.NS,INE406A01037
Avenue Supermarts Ltd.,DMART.NS,INE192R01011
Axis Bank Ltd.,AXISBANK.NS,INE238A01034
Bajaj Auto Ltd.,BAJAJ-AUTO.NS,INE917I01010
Bajaj Finance Ltd.,BAJFINANCE.NS,INE296A01024
Bajaj Finserv Ltd.,BAJAJFINSV.NS,INE918I01018
Bandhan Bank Ltd.,BANDHANBNK.NS,INE545U01014
Bank of Baroda,BANKBARODA.NS,INE028A01039
Bharat Electronics Ltd.,BEL.NS,INE263A01024
Bharat Heavy Electricals Ltd.,BHEL.NS,INE257A01026
Bharat Petroleum Corporation Ltd.,BPCL.NS,INE029A01011
Bharti Airtel Ltd.,BHARTIARTL.NS,INE397D01024
Bharti Infratel Ltd.,INFRATEL.NS,INE121J01017
Biocon Ltd.,BIOCON.NS,INE376G01013
Bosch Ltd.,BOSCHLTD.NS,INE323A01026
Britannia Industries Ltd.,BRITANNIA.NS,INE216A01030
Cadila Healthcare Ltd.,CADILAHC.NS,INE010B01027
Cipla Ltd.,CIPLA.NS,INE059A01026
Coal India Ltd.,COALINDIA.NS,INE522F01014
Colgate Palmolive (India) Ltd.,COLPAL.NS,INE259A01022
Container Corporation of India Ltd.,CONCOR.NS,INE111A01025
DLF Ltd.,DLF.NS,INE271C01023
Dabur India Ltd.,DABUR.NS,INE016A01026
Dr. Reddy's Laboratories Ltd.,DRREDDY.NS,INE089A01023
Eicher Motors Ltd.,EICHERMOT.NS,INE066A01013
GAIL (India) Ltd.,GAIL.NS,INE129A01019
General Insurance Corporation of India,GICRE.NS,INE481Y01014
Godrej Consumer Products Ltd.,GODREJCP.NS,INE102D01028
Grasim Industries Ltd.,GRASIM.NS,INE047A01021
HCL Technologies Ltd.,HCLTECH.NS,INE860A01027
HDFC Bank Ltd.,HDFCBANK.NS,INE040A01026
HDFC Life Insurance Company Ltd.,HDFCLIFE.NS,INE795G01014
Havells India Ltd.,HAVELLS.NS,INE176B01034
Hero MotoCorp Ltd.,HEROMOTOCO.NS,INE158A01026
Hindalco Industries Ltd.,HINDALCO.NS,INE038A01020
Hindustan Petroleum Corporation Ltd.,HINDPETRO.NS,INE094A01015
Hindustan Unilever Ltd.,HINDUNILVR.NS,INE030A01027
Hindustan Zinc Ltd.,HINDZINC.NS,INE267A01025
Housing Development Finance Corporation Ltd.,HDFC.NS,INE001A01036
I T C Ltd.,ITC.NS,INE154A01025
ICICI Bank Ltd.,ICICIBANK.NS,INE090A01021
ICICI Lombard General Insurance Company Ltd.,ICICIGI.NS,INE765G01017
ICICI Prudential Life Insurance Company Ltd.,ICICIPRULI.NS,INE726G01019
Indiabulls Housing Finance Ltd.,IBULHSGFIN.NS,INE148I01020
Indian Oil Corporation Ltd.,IOC.NS,INE242A01010
IndusInd Bank Ltd.,INDUSINDBK.NS,INE095A01012
Infosys Ltd.,INFY.NS,INE009A01021
InterGlobe Aviation Ltd.,INDIGO.NS,INE646L01027
JSW Steel Ltd.,JSWSTEEL.NS,INE019A01038
Kotak Mahindra Bank Ltd.,KOTAKBANK.NS,INE237A01028
L&T Finance Holdings Ltd.,L&TFH.NS,INE498L01015
LIC Housing Finance Ltd.,LICHSGFIN.NS,INE115A01026
Larsen & Toubro Ltd.,LT.NS,INE018A01030
Lupin Ltd.,LUPIN.NS,INE326A01037
MRF Ltd.,MRF.NS,INE883A01011
Mahindra & Mahindra Ltd.,M&M.NS,INE101A01026
Marico Ltd.,MARICO.NS,INE196A01026
Maruti Suzuki India Ltd.,MARUTI.NS,INE585B01010
Motherson Sumi Systems Ltd.,MOTHERSUMI.NS,INE775A01035
NHPC Ltd.,NHPC.NS,INE848E01016
NMDC Ltd.,NMDC.NS,INE584A01023
NTPC Ltd.,NTPC.NS,INE733E01010
Oil & Natural Gas Corporation Ltd.,ONGC.NS,INE213A01029
Oil India Ltd.,OIL.NS,INE274J01014
Oracle Financial Services Software Ltd.,OFSS.NS,INE881D01027
Petronet LNG Ltd.,PETRONET.NS,INE347G01014
Pidilite Industries Ltd.,PIDILITIND.NS,INE318A01026
Piramal Enterprises Ltd.,PEL.NS,INE140A01024
Power Grid Corporation of India Ltd.,POWERGRID.NS,INE752E01010
Procter & Gamble Hygiene & Health Care Ltd.,PGHH.NS,INE179A01014
Reliance Industries Ltd.,RELIANCE.NS,INE002A01018
SBI Life Insurance Company Ltd.,SBILIFE.NS,INE123W01016
Shree Cement Ltd.,SHREECEM.NS,INE070A01015
Shriram Transport Finance Co. Ltd.,SRTRANSFIN.NS,INE721A01013
Siemens Ltd.,SIEMENS.NS,INE003A01024
State Bank of India,SBIN.NS,INE062A01020
Steel Authority of India Ltd.,SAIL.NS,INE114A01011
Sun Pharmaceutical Industries Ltd.,SUNPHARMA.NS,INE044A01036
Sun TV Network Ltd.,SUNTV.NS,INE424H01027
Tata Consultancy Services Ltd.,TCS.NS,INE467B01029
Tata Motors Ltd.,TATAMOTORS.NS,INE155A01022
Tata Steel Ltd.,TATASTEEL.NS,INE081A01012
Tech Mahindra Ltd.,TECHM.NS,INE669C01036
The New India Assurance Company Ltd.,NIACL.NS,INE470Y01017
Titan Company Ltd.,TITAN.NS,INE280A01028
UPL Ltd.,UPL.NS,INE628A01036
UltraTech Cement Ltd.,ULTRACEMCO.NS,INE481G01011
United Spirits Ltd.,MCDOWELL-N.NS,INE854D01024
Vedanta Ltd.,VEDL.NS,INE205A01025
Vodafone Idea Ltd.,IDEA.NS,INE669E01016
Wipro Ltd.,WIPRO.NS,INE075A01022
Yes Bank Ltd.,YESBANK.NS,INE528G01027
Zee Entertainment Enterprises Ltd.,ZEEL.NS,INE256A01028
